,pitch_precision,pitch_recall,pitch_f_score,tab_precision,tab_recall,tab_f_score
0,0.8957283098965243,0.7644119733723791,0.8248766105780977,0.8009803332446284,0.703465798143834,0.7490627383293863
