,pitch_precision,pitch_recall,pitch_f_score,tab_precision,tab_recall,tab_f_score
0,0.8897753516691161,0.7356861442782314,0.8054271348479402,0.7678469471113727,0.6590369348381697,0.7092931735380271
