,pitch_precision,pitch_recall,pitch_f_score,tab_precision,tab_recall,tab_f_score
0,0.8705083342739963,0.7899512586535097,0.828275686149908,0.7488215917156532,0.7018901076406066,0.724596717385179
