,pitch_precision,pitch_recall,pitch_f_score,tab_precision,tab_recall,tab_f_score
0,0.8980261354290414,0.7417015110118194,0.8124121624973132,0.8107650190385318,0.6854695828527054,0.7428711496037259
