,pitch_precision,pitch_recall,pitch_f_score,tab_precision,tab_recall,tab_f_score
0,0.9096757713085518,0.7914948262662682,0.8464802619995069,0.7781510783569958,0.7078424606891113,0.7413334709997161
