,pitch_precision,pitch_recall,pitch_f_score,tab_precision,tab_recall,tab_f_score
0,0.8956068123438544,0.7684046070010717,0.8271438436852581,0.7859679456211277,0.6991458017626792,0.7400189924429228
