,pitch_precision,pitch_recall,pitch_f_score,tab_precision,tab_recall,tab_f_score
0,0.8960554323527579,0.7593551406101409,0.8220610764988255,0.8002349262832417,0.6985275823852714,0.7459302793655905
