,pitch_precision,pitch_recall,pitch_f_score,tab_precision,tab_recall,tab_f_score
0,0.8956599286563615,0.7504415294277477,0.8166451750675547,0.7727133946874863,0.6678277128144814,0.7164521947313506
