,pitch_precision,pitch_recall,pitch_f_score,tab_precision,tab_recall,tab_f_score
0,0.9000760679295776,0.7412411128051082,0.8129731340565464,0.78950418602163,0.6676015349934785,0.723453622987116
