,pitch_precision,pitch_recall,pitch_f_score,tab_precision,tab_recall,tab_f_score
0,0.8670417666473601,0.8050346140385322,0.8348884560906515,0.752503639652358,0.727427031268658,0.7397528808163867
