,pitch_precision,pitch_recall,pitch_f_score,tab_precision,tab_recall,tab_f_score
0,0.8625459639292593,0.7989312755550624,0.8295207792322895,0.750015559013114,0.7195203084218966,0.7344515207842693
