,pitch_precision,pitch_recall,pitch_f_score,tab_precision,tab_recall,tab_f_score
0,0.8975007265329846,0.6992694008785304,0.786080331234834,0.7840995825598598,0.6273494221156674,0.6970204638929143
