,pitch_precision,pitch_recall,pitch_f_score,tab_precision,tab_recall,tab_f_score
0,0.9014100175209278,0.733889836520899,0.80906954007447,0.7969303211660467,0.6686117959272914,0.7271534636214184
