,pitch_precision,pitch_recall,pitch_f_score,tab_precision,tab_recall,tab_f_score
0,0.8857875095544265,0.7434600812112246,0.8084070923557339,0.7431628303495311,0.6572199730094467,0.697554203225587
