,pitch_precision,pitch_recall,pitch_f_score,tab_precision,tab_recall,tab_f_score
0,0.8959140686976265,0.7415732033148671,0.8114699603159855,0.7792568236458776,0.6646763018418413,0.7174204048418269
