,pitch_precision,pitch_recall,pitch_f_score,tab_precision,tab_recall,tab_f_score
0,0.8710821800900282,0.828215490358302,0.8491081550594971,0.7825933161292398,0.7739386229925266,0.7782419084698744
