,pitch_precision,pitch_recall,pitch_f_score,tab_precision,tab_recall,tab_f_score
0,0.8640977323829551,0.8102672664726118,0.8363171806167401,0.757218506868265,0.7330052370310981,0.7449151624157583
