,pitch_precision,pitch_recall,pitch_f_score,tab_precision,tab_recall,tab_f_score
0,0.9050205276432792,0.7420411490331638,0.8154673036727381,0.8081219268866244,0.6839843484947866,0.7408892500296036
