,pitch_precision,pitch_recall,pitch_f_score,tab_precision,tab_recall,tab_f_score
0,0.8976733080412809,0.7661328060138572,0.8267032613520217,0.7819728525190219,0.6957983700118366,0.7363730297094483
