,pitch_precision,pitch_recall,pitch_f_score,tab_precision,tab_recall,tab_f_score
0,0.8946186498699165,0.7396636828837533,0.8097951156631783,0.7738602791586322,0.6595948401299768,0.7121733219912654
