,pitch_precision,pitch_recall,pitch_f_score,tab_precision,tab_recall,tab_f_score
0,0.8876716684061016,0.8705297833690318,0.8790171620211145,0.8313138180170092,0.8434053487507185,0.8373159327472719
