,pitch_precision,pitch_recall,pitch_f_score,tab_precision,tab_recall,tab_f_score
0,0.892396812573443,0.7336709586849216,0.805287007812047,0.7665028802300655,0.6550863622313196,0.7064285075488418
