,pitch_precision,pitch_recall,pitch_f_score,tab_precision,tab_recall,tab_f_score
0,0.8967470351309018,0.6973425919380536,0.7845730769113118,0.7300695828384699,0.589647846869208,0.6523880762577462
