,pitch_precision,pitch_recall,pitch_f_score,tab_precision,tab_recall,tab_f_score
0,0.9283801828792984,0.9259199167122991,0.9271484176679642,0.9212925220484696,0.922436066082475,0.9218639394327551
