,pitch_precision,pitch_recall,pitch_f_score,tab_precision,tab_recall,tab_f_score
0,0.9243082005706407,0.9162155944680506,0.9202441063140082,0.9072065444089715,0.9075863466018435,0.9073964057626615
