,pitch_precision,pitch_recall,pitch_f_score,tab_precision,tab_recall,tab_f_score
0,0.9024481015186036,0.7503736018234788,0.8194147390804456,0.788692467514174,0.6754122090787777,0.7276699955731907
