,pitch_precision,pitch_recall,pitch_f_score,tab_precision,tab_recall,tab_f_score
0,0.8638557982843053,0.7509170226576298,0.8034368867749307,0.7084506130900385,0.6603638447213867,0.68356257926056
