,pitch_precision,pitch_recall,pitch_f_score,tab_precision,tab_recall,tab_f_score
0,0.8623980073077592,0.803873699306012,0.8321080813614435,0.7494290115259999,0.722070589038058,0.7354954735799552
