,pitch_precision,pitch_recall,pitch_f_score,tab_precision,tab_recall,tab_f_score
0,0.8988046884066381,0.759921203979048,0.8235486575465717,0.8107635280260514,0.7057803511787634,0.7546381946207825
