,pitch_precision,pitch_recall,pitch_f_score,tab_precision,tab_recall,tab_f_score
0,0.8803464796556034,0.7828744761154978,0.8287543355789146,0.78957415318376,0.721449152867955,0.7539759336066266
