,pitch_precision,pitch_recall,pitch_f_score,tab_precision,tab_recall,tab_f_score
0,0.8979020467167442,0.7406976919709571,0.8117589157578238,0.8041077639779322,0.6779981754989106,0.7356877566714115
