,pitch_precision,pitch_recall,pitch_f_score,tab_precision,tab_recall,tab_f_score
0,0.8912572287656451,0.7293235920117137,0.8021999460390593,0.7547747046756738,0.6435663718815733,0.6947484078377113
