,pitch_precision,pitch_recall,pitch_f_score,tab_precision,tab_recall,tab_f_score
0,0.9007267402689568,0.7567738916479236,0.8224992104604759,0.8091277625212502,0.6997263248365865,0.7504608965651077
